frame,type,left,reference,left_label,reference_label,iou
adasind_236370.jpg,mismatching_attributes,4,5,Car,Car,1.000
adasind_236370.jpg,mismatching_attributes,1,1,Truck,Truck,0.926
adasind_236370.jpg,mismatching_attributes,6,3,Bike,Bike,0.846
adasind_236370.jpg,mismatching_attributes,5,2,Pedestrian,Pedestrian,0.781
adasind_236370.jpg,mismatching_attributes,7,6,Pedestrian,Pedestrian,0.576
adasind_258420.jpg,mismatching_attributes,1,3,Bike,Bike,0.705
adasind_258420.jpg,extra_annotation,2,,Bike,,N/A
adasind_258420.jpg,extra_annotation,3,,Car,,N/A
adasind_258420.jpg,extra_annotation,7,,Bike,,N/A
adasind_258420.jpg,extra_annotation,8,,Pedestrian,,N/A
adasind_258420.jpg,missing_annotation,,1,,ThreeWheeler,N/A
adasind_258420.jpg,missing_annotation,,5,,Car,N/A
adasind_258420.jpg,missing_annotation,,7,,Pedestrian,N/A
adasind_310008.jpg,mismatching_label,1,1,Car,ThreeWheeler,0.918
adasind_310008.jpg,mismatching_attributes,4,2,Pedestrian,Pedestrian,0.679
adasind_310008.jpg,extra_annotation,5,,Pedestrian,,N/A
adasind_310008.jpg,missing_annotation,,4,,Pedestrian,N/A
