round,slice,frame,object_ref,cell,what,why,severity,owner,rule_id,evidence,action,rules_version,note
calib,C0,adasind_019560.jpg,L2,na,SPURIOUS,E1_annotator_error,P1,annotator,R03,"adasind_019560.jpg: L2 Pedestrian (465,732)-(536,808) chồng lên L1 Bike (420,781)-(523,917); người áo đỏ ngồi lái xe hai bánh trên ảnh gốc.",,,C0 đã khóa: người lái và xe phải được gộp thành một Bike; áp dụng bài học ở B4-edge.
calib,C0,adasind_019560.jpg,L3,na,SPURIOUS,E1_annotator_error,P0,annotator,R07,"adasind_019560.jpg: L3 Bike (0,1068)-(96,1473) nằm ở phần xe ego đen sát mép trái ảnh gốc.",,,"C0 đã khóa: vùng này thuộc ego_body/xe gắn camera, không phải Bike cần box."
calib,C0,adasind_019560.jpg,L6+R3,na,WRONG_CLASS,E1_annotator_error,P1,annotator,R04,"adasind_019560.jpg: L6 Car (44,773)-(96,852) đối chiếu R3 ThreeWheeler; ảnh gốc cho thấy xe ba bánh ở mép trái.",,,C0 đã khóa: phân biệt xe ba bánh với Car trên slice chính.
r1_craft,B4-edge,adasind_236370.jpg,L1,na,WRONG_CLASS,,P2,annotator,R04,"Ảnh gốc adasind_236370.jpg; L1 có thùng hàng phủ bạt phía sau cabin, x=408..770 y=654..923. Ảnh CVAT: submission/screenshots/hoang-cvat-truck-bike-236370.png.",keep_with_reason,v1.0.0,Role A đã cân nhắc Car/Truck và giữ Truck vì là xe chở hàng; Role B kiểm lại class trong lượt review có tham chiếu.
r1_craft,B4-edge,adasind_258420.jpg,L3,na,BOX_GEOMETRY,,P2,annotator,R01,"Ảnh gốc adasind_258420.jpg; L3 Car x=209..273 y=773..814, chiều cao 41 px.",keep_with_reason,v1.0.0,Role A giữ box vì H=41 đạt ngưỡng 40 px; Role B kiểm lại giới hạn nhìn thấy trong lượt review có tham chiếu.
r1_craft,B4-edge,adasind_310008.jpg,L2+L5,na,DUPLICATE,,P2,annotator,R02,Ảnh gốc adasind_310008.jpg; L2 x=25..81 và L5 x=18..39 ở cụm người bên trái.,keep_with_reason,v1.0.0,Role A giữ hai box vì nhìn thấy hai người sát nhau; Role B kiểm lại khả năng vẽ trùng trong lượt review có tham chiếu.
r1_craft,B4-edge,adasind_258420.jpg,L4+L5,na,WRONG_CLASS,,P2,annotator,R04,"Ảnh gốc adasind_258420.jpg: hai xe ba bánh tại L4 (288..449,763..947) và L5 (614..832,778..977); ảnh CVAT bản sớm submission/screenshots/hoang-cvat-threewheeler-258420-early.png.",keep_with_reason,v1.0.0,"Role A giữ ThreeWheeler cho cả hai; ảnh CVAT là bản sớm, cần đối chiếu box chính xác ở XML đã khóa. Role B kiểm lại class trong lượt review có tham chiếu."
r2_qa,B4-edge,adasind_236370.jpg,ego_body,L_only,IGNORE_SCOPE,,,qa,R07,"QA overlay + ảnh gốc adasind_236370.jpg; ego_body polygon ở góc dưới trái, điểm xa nhất khoảng x=294,y=1744; cần đối chiếu mép bóng/mặt đường.",,v1.0.0,Artifact QA ban đầu được tạo từ workflow của project; Role B kiểm tra r1/v2 khóa ngày 29/09 sau khi đã xem reference/model và xác nhận finding.
r2_qa,B4-edge,adasind_236370.jpg,L5+L6,L_only,WRONG_CLASS,,,qa,R03,Ảnh gốc adasind_236370.jpg; người áo xanh đứng cạnh xe hai bánh; kiểm xem đang dắt/đi bộ hay ngồi lái.,,v1.0.0,Artifact QA ban đầu được tạo từ workflow của project; Role B kiểm tra r1/v2 khóa ngày 29/09 sau khi đã xem reference/model và xác nhận finding.
r2_qa,B4-edge,adasind_258420.jpg,L3,L_only,BOX_GEOMETRY,,,qa,R01;R02,"XML khóa: L3 Car box (209.3,772.7)-(273.4,813.8), H=41 px; kiểm lại phần nhìn thấy trên ảnh gốc.",,v1.0.0,Artifact QA ban đầu được tạo từ workflow của project; Role B kiểm tra r1/v2 khóa ngày 29/09 sau khi đã xem reference/model và xác nhận finding.
r2_qa,B4-edge,adasind_310008.jpg,L2+L5,L_only,DUPLICATE,,,qa,R02,"Ảnh gốc adasind_310008.jpg; L2 (25.3,875)-(81.2,1032.7), L5 (18.2,868.2)-(38.6,1035.2), hai box Pedestrian chồng trong cụm người mép trái.",,v1.0.0,Artifact QA ban đầu được tạo từ workflow của project; Role B kiểm tra r1/v2 khóa ngày 29/09 sau khi đã xem reference/model và xác nhận finding.
r1_craft,B4-edge,adasind_258420.jpg,L2,na,SPURIOUS,E5_unresolved,P2,qa,R01;R02,"L2 box (172,793)-(190,846), H=53; reference R8 for a similar small Bike is H=38 and below H=40. The image needs a closer visibility/extent check before calling this a false positive.",escalate,v1.0.0,R and M do not confirm L2; a missed/under-threshold reference object remains possible. Ticket 2 and D07 request independent review.
r1_craft,B4-edge,adasind_258420.jpg,L3+R5,na,BOX_GEOMETRY,E5_unresolved,P2,qa,R02,"Ảnh gốc 258420: L3 (209.31,772.71)-(273.46,813.81), H=41; M6 gần extent L3, còn R5 (219,782)-(257,824) hẹp/lệch. Vật mờ và bị che; R02 yêu cầu bám phần thấy được. Cần reviewer thứ hai phân xử extent, không coi R là gold.",escalate,v1.0.0,"Sau khi soi crop gốc, giữ box L3 như r1 ở v2; không ép co theo R5. Mở cho QA/coach phân xử trước khi gọi reference là đúng."
r1_craft,B4-edge,adasind_258420.jpg,L7,na,SPURIOUS,E5_unresolved,P2,qa,R03,"L7 Bike box (239,794)-(257,842) overlaps L6 Bike (191,792)-(249,908); no same-class reference box at L7 position.",escalate,v1.0.0,Check whether L7 is a separate two-wheeler/rider or a second box for the L6 vehicle; see Ticket 2 and D07.
r1_craft,B4-edge,adasind_258420.jpg,L8,na,SPURIOUS,E5_unresolved,P2,qa,R02;R03,"L8 Pedestrian box (287,799)-(301,849) lies at the left edge of the ThreeWheeler L4; no corresponding reference/model pedestrian box.",escalate,v1.0.0,Check the original image to distinguish a separate visible pedestrian from a vehicle occupant/overlap; see Ticket 2 and D07.
r1_craft,B4-edge,adasind_258420.jpg,R1,na,MISSING,E1_annotator_error,P1,annotator,R01;R04,"R1 ThreeWheeler (4,796)-(68,870) is the small auto-rickshaw at the far-left edge of the original image; its visible height is 74 px.",rework,v1.0.0,"Đã thêm ThreeWheeler box quanh auto-rickshaw mép trái (0,796)-(68,872), truncated=true theo biên ảnh; v2 đã khóa."
r1_craft,B4-edge,adasind_258420.jpg,R7,na,MISSING,E1_annotator_error,P1,annotator,R01;R02,"R7 Pedestrian (92,792)-(109,843) is a distinct visible person in the left traffic cluster; reference/model agree on the location.",rework,v1.0.0,"Đã thêm Pedestrian box riêng (92,792)-(110,845), cao 53 px; phân biệt với L9 trên ảnh gốc; v2 đã khóa."
r1_craft,B4-edge,adasind_310008.jpg,L1+R1,na,WRONG_CLASS,E1_annotator_error,P1,annotator,R04,"L1 Car (251,827)-(362,971) and R1 ThreeWheeler (248,830)-(365,973) tightly cover the same narrow rear-view auto-rickshaw; M6/M7 assign two conflicting vehicle classes to the same region.",rework,v1.0.0,Đã đổi class box L1 Car→ThreeWheeler theo R04; không thêm box thứ hai; kiểm tra v2.
r1_craft,B4-edge,adasind_310008.jpg,L5+R4,na,BOX_GEOMETRY,E1_annotator_error,P1,annotator,R01;R02,"L5 Pedestrian (18,868)-(39,1035) covers only part of R4 (20,866)-(56,1028); L2 (25,875)-(81,1033) overlaps the same left pedestrian cluster.",rework,v1.0.0,"Đã chỉnh riêng L2=(34,873)-(77,1022) và L5=(20,866)-(56,1028); ảnh gốc cho thấy hai người khác nhau trong cụm bốn người; kiểm tra v2."
r3_diag,B4-edge,adasind_236370.jpg,M2,M_only,SPURIOUS,E4_model_domain,P2,ai_team,R03,"M2 Pedestrian (666,727)-(779,1008) overlaps the person already included in L2/R4 Bike; similar pedestrian-on-rider proposals recur in the other two frames.",escalate,v1.0.0,Model-domain hypothesis from repeated rider splitting; test against more frames before generalizing.
r3_diag,B4-edge,adasind_258420.jpg,L4+R4,LR_noM,MISSING,E4_model_domain,P2,ai_team,R04,"L4/R4 ThreeWheeler (about 288..449,759..947) is present in L and R, while model predicts M8 Truck over nearly the same vehicle.",escalate,v1.0.0,One of three ThreeWheeler-to-Truck/Car model class conflicts in this frame.
r3_diag,B4-edge,adasind_258420.jpg,L5+R8,LR_noM,MISSING,E4_model_domain,P2,ai_team,R04,"L5/R8 right ThreeWheeler (about 608..839,778..977) is present in L and R, while model predicts M11 Car over the same vehicle.",escalate,v1.0.0,Repeated class mismatch suggests a model evaluation case; this small slice cannot establish general model-domain cause.
r3_diag,B4-edge,adasind_258420.jpg,L2,L_only,SPURIOUS,E5_unresolved,P2,qa,R01;R02,"L2 Bike (172,793)-(190,846) is in-scope by box height but no report source confirms it; a similar R8 box is below H=40.",escalate,v1.0.0,Do not delete solely because the teaching reference omits a possible sub-threshold instance; Ticket 2 and D07 request independent visible-height review.
r3_diag,B4-edge,adasind_258420.jpg,L3+M6,LM_noR,SPURIOUS,E5_unresolved,P2,qa,R02,"L3/M6 cùng phủ xe nhỏ ở 258420 với extent gần nhau; R5 hẹp/lệch. Mismatch có thể do box tham chiếu, cách tính vật bị che hoặc biên box; cần đối chiếu ảnh gốc bởi reviewer thứ hai.",escalate,v1.0.0,"Không coi đồng thuận L/M là chân lý; đây là ca geometry còn mở, không đưa vào kết luận tỷ lệ."
r3_diag,B4-edge,adasind_258420.jpg,L7,L_only,SPURIOUS,E5_unresolved,P2,qa,R03,L7 Bike overlaps L6 Bike; neither R nor M supports a separate Bike box at this location.,escalate,v1.0.0,Check whether the box is a distinct rider/vehicle or a duplicate before editing; see Ticket 2 and D07.
r3_diag,B4-edge,adasind_258420.jpg,L8,L_only,SPURIOUS,E5_unresolved,P2,qa,R02;R03,L8 narrow Pedestrian box (about 14x51 px) is adjacent to L4 ThreeWheeler and has no matching R/M object.,escalate,v1.0.0,Original image review is needed to decide if this is a separate pedestrian or an occupant/overlap; see Ticket 2 and D07.
r3_diag,B4-edge,adasind_258420.jpg,R1,R_only,MISSING,E1_annotator_error,P1,annotator,R01;R04,"R1 ThreeWheeler far-left, box height 74 px; original image shows an auto-rickshaw and model M4 overlaps its location but calls it Truck.",rework,v1.0.0,"Đã thêm ThreeWheeler box quanh auto-rickshaw mép trái (0,796)-(68,872), truncated=true theo biên ảnh; v2 đã khóa."
r3_diag,B4-edge,adasind_258420.jpg,R5,R_only,MISSING,E5_unresolved,P2,qa,R02,"R5 là cùng xe nhỏ với L3/M6; R-only trong local matching phát sinh từ khác biệt extent, không phải bằng chứng có thêm xe.",escalate,v1.0.0,Đi cùng ticket QA L3/R5; cần soát annotation space và visible extent.
r3_diag,B4-edge,adasind_258420.jpg,R7+M12,RM_noL,MISSING,E1_annotator_error,P1,annotator,R01;R02,"R7 Pedestrian (92,792)-(109,843) is detected by both reference and model in the left traffic cluster; no L box covers it.",rework,v1.0.0,"Đã thêm Pedestrian box riêng (92,792)-(110,845), cao 53 px; phân biệt với L9 trên ảnh gốc; v2 đã khóa."
r3_diag,B4-edge,adasind_258420.jpg,M4,M_only,SPURIOUS,E4_model_domain,P2,ai_team,R04,"M4 Truck (8,798)-(69,874) overlaps R1 ThreeWheeler at the left edge; model class differs from the visible auto-rickshaw/reference.",escalate,v1.0.0,Repeated vehicle-class confusion; evaluate on additional ThreeWheeler examples.
r3_diag,B4-edge,adasind_258420.jpg,M5,M_only,SPURIOUS,E4_model_domain,P2,ai_team,R03,"M5 Pedestrian (128,797)-(157,852) overlaps a Bike/rider region; R03 represents a seated rider together with the two-wheeler as one Bike.",escalate,v1.0.0,Candidate rider split; include in a multi-frame model audit.
r3_diag,B4-edge,adasind_258420.jpg,M7,M_only,SPURIOUS,E5_unresolved,P2,ai_team,R03,"M7 Pedestrian (235,793)-(257,844) falls within the overlapping Bike cluster and has no separate R pedestrian counterpart.",escalate,v1.0.0,Could be a rider split or a detection on an adjacent person; needs source-image review across frames.
r3_diag,B4-edge,adasind_258420.jpg,M8,M_only,SPURIOUS,E4_model_domain,P2,ai_team,R04,"M8 Truck (285,762)-(455,946) overlaps the L4/R4 ThreeWheeler almost exactly.",escalate,v1.0.0,Model repeats Truck for a ThreeWheeler; keep as a class-evaluation case.
r3_diag,B4-edge,adasind_258420.jpg,M10,M_only,SPURIOUS,E4_model_domain,P2,ai_team,R03,"M10 Pedestrian (190,792)-(242,883) overlaps L6/R2 Bike and appears to isolate its rider.",escalate,v1.0.0,"Candidate rider split, consistent with M2/M5; verify on a larger set."
r3_diag,B4-edge,adasind_258420.jpg,M11,M_only,SPURIOUS,E4_model_domain,P2,ai_team,R04,"M11 Car (610,778)-(837,975) overlaps the L5/R8 ThreeWheeler almost exactly.",escalate,v1.0.0,Model repeats vehicle class confusion across three ThreeWheeler objects in this frame.
r3_diag,B4-edge,adasind_310008.jpg,L1,L_only,SPURIOUS,E1_annotator_error,P1,annotator,R04,"L1 Car (251,827)-(362,971) and R1 ThreeWheeler (248,830)-(365,973) are the same narrow rear-view passenger three-wheeler; model returns overlapping Truck and Bus boxes.",rework,v1.0.0,Đã đổi class box L1 Car→ThreeWheeler theo R04; không thêm box thứ hai; kiểm tra v2.
r3_diag,B4-edge,adasind_310008.jpg,L5,L_only,SPURIOUS,E1_annotator_error,P1,annotator,R01;R02,"L5 Pedestrian (18,868)-(39,1035) overlaps L2 (25,875)-(81,1033) and is much narrower than R4/M4 (20..56,866..1036); left cluster is not covered as distinct individual boxes.",rework,v1.0.0,"Đã chỉnh riêng L2=(34,873)-(77,1022) và L5=(20,866)-(56,1028); ảnh gốc cho thấy hai người khác nhau trong cụm bốn người; kiểm tra v2."
r3_diag,B4-edge,adasind_310008.jpg,R1,R_only,MISSING,E1_annotator_error,P1,annotator,R04,"R1 ThreeWheeler tightly overlaps L1 Car on the central vehicle; this is a class mismatch of an existing object, not an extra object.",rework,v1.0.0,Đã đổi class box L1 Car→ThreeWheeler theo R04; không thêm box thứ hai; kiểm tra v2.
r3_diag,B4-edge,adasind_310008.jpg,R4+M4,RM_noL,MISSING,E1_annotator_error,P1,annotator,R01;R02,"R4 Pedestrian (20,866)-(56,1028) and M4 (17,867)-(50,1036) identify a person not individually boxed by L; L5 only covers its left portion.",rework,v1.0.0,"Đã chỉnh riêng L2=(34,873)-(77,1022) và L5=(20,866)-(56,1028); ảnh gốc cho thấy hai người khác nhau trong cụm bốn người; kiểm tra v2."
r3_diag,B4-edge,adasind_310008.jpg,M6,M_only,SPURIOUS,E4_model_domain,P2,ai_team,R04,M6 Truck box overlaps the L1/R1 central vehicle; R04/reference class it as ThreeWheeler.,escalate,v1.0.0,Model class confusion recurs on ThreeWheeler examples in frame258420.
r3_diag,B4-edge,adasind_310008.jpg,M7,M_only,SPURIOUS,E5_unresolved,P2,ai_team,R04,M7 Bus overlaps the same central vehicle as L1/R1/M6; model emits multiple conflicting classes on one instance.,escalate,v1.0.0,Review model post-processing and class calibration; this three-frame slice is insufficient to infer a general failure rate.
